"","x","y"
"1",-7.3449133,-0.0567412937448353
"2",-6.278761,0.0534517803699721
"3",-4.27146636,-0.161616745613555
"4",-0.9179221,1.65107609957697
"5",-7.98318068,-1.0268152155877
"6",-1.0161031503,1.62743243813087
"7",-0.55324731,1.39399046712277
"8",-3.39202207,-0.57256592851065
"9",-3.70885956,-0.428566824589506
"10",-9.38213729,-4.21846389141865
"11",-7.94025425,-0.953647574708157
"12",-8.23443247,-1.39697537283064
"13",-3.12977153,-0.678598911351734
"14",-6.15896281,0.0912346329628733
"15",-2.3015858,-0.428683819391113
"16",-5.02300757,0.263514766668214
"17",-2.8238149,-0.732302974466828
"18",-0.080939051,0.46628557517797
"19",-6.1996482,0.0768519772661698
"20",-2.225547786,-0.330994084424687
"21",-0.652947688,1.51610800585395
"22",-7.87857478,-0.845504507148689
"23",-3.48326233,-0.531314749516894
"24",-8.7444490403,-2.12322723567195
"25",-7.3277933,-0.0424633360009921
"26",-6.13885907,0.0988558874525918
"27",-9.86609666,-5.48377200006507
"28",-6.176120429,0.0849921187587555
"29",-1.303091542,1.34923461955204
"30",-6.59651003,0.0304007425498014
"31",-5.1791988452,0.320281714968318
"32",-4.00434174,-0.294170338586208
"33",-5.06458692,0.281073660137192
"34",-8.13782398,-1.26771775187808
"35",-1.726266813,0.569834553092908
"36",-3.31533261,-0.606240247147967
"37",-2.05760139,-0.0700763036512456
"38",-8.92056374,-2.62410559962154
"39",-2.76289053,-0.727009100615385
"40",-5.8872557,0.21089276448696
"41",-1.790537,0.438825150527065
"42",-3.529398,-0.510255550427196
"43",-2.17067237,-0.252255629153987
"44",-4.4696368,-0.050449995502324
"45",-4.702804198,0.0898662896132576
"46",-2.1064376,-0.151871387360249
"47",-9.76668797,-4.83683123183437
"48",-5.227699349,0.332305537175629
"49",-2.67686261,-0.70762153781036
"50",-3.072684,-0.696492733579108
"51",-5.22380377,0.331447466125982
"52",-1.38790523,1.21763285623137
"53",-5.6190289,0.316681751628671
"54",-7.5520272,-0.296283339442198
"55",-9.29320952,-3.99104532977799
"56",-9.00533839,-2.92795913456939
"57",-6.83728292,0.0659706172189942
"58",-4.81365736,0.155346377079807
"59",-3.3799492,-0.577947865011305
"60",-5.93169812,0.190169104208734
"61",-0.87124075,1.64833508354294
"62",-7.063966,0.0751047185311791
"63",-5.40934273,0.350157157804328
"64",-6.67605325,0.0400992932935509
"65",-3.49129532,-0.527652500870495
"66",-7.41983219,-0.129417270563408
"67",-5.21454751,0.329332191059395
"68",-2.3368932,-0.4693665874555
"69",-9.15753085,-3.51828005316202
"70",-1.246786699,1.42571799309667
"71",-6.6092706,0.0316632256467102
"72",-1.605596498,0.814447507671342
"73",-6.5331651,0.0262194828334543
"74",-6.6622506,0.038137842501186
"75",-5.23648754,0.334170810227621
"76",-1.078016641,1.59258678653265
"77",-1.356605293,1.26831228775512
"78",-6.100104565,0.114392176988135
"79",-2.22679301,-0.332702317390406
"80",-0.3938200278,1.13133029110883
"81",-5.65340515,0.306255043796515
"82",-2.8748532,-0.731896202448339
"83",-6.000056311,0.158380799159868
"84",-6.7464784812,0.0512255875256358
"85",-2.42912851,-0.561314725758863
"86",-7.9730774,-1.00978947606745
"87",-2.8887877,-0.731075861356591
"88",-8.78308078,-2.21650688617956
"89",-7.54511,-0.286428505963613
"90",-8.5669562,-1.79910713464051
"91",-7.6037058,-0.373342605028483
"92",-9.41065622,-4.27373512391932
"93",-3.577117414,-0.488455332509164
"94",-1.2373078,1.43765116193592
"95",-2.21085322,-0.310569228576613
"96",-2.026911741,-0.0164596478031113
"97",-5.4472554,0.348278920747613
"98",-5.8991591,0.205363685096396
"99",-1.89129757,0.2374918412185
"100",-3.95066709,-0.319023702733437
"101",-3.4527607,-0.545189184547177
"102",-6.46802728,0.0261011126360771
"103",-7.297398541,-0.0192470794204382
"104",-0.0731593882,0.448775020639899
"105",-3.66506735,-0.448408800370095
"106",-7.86791864,-0.826585019503
"107",-8.70627651,-2.03988488798495
"108",-5.21881965,0.330321802050008
"109",-0.759255301,1.60473229148548
"110",-4.01239,-0.290407768066498
"111",-0.23829305,0.815873478994277
"112",-2.68207,-0.709218374160317
"113",-6.4327308,0.0280097524245733
"114",-5.68526309,0.295552270213244
"115",-8.51788439,-1.73223272496398
"116",-9.86922424,-5.51131672924384
"117",-2.8443393,-0.732644375211395
"118",-8.96815764,-2.79068111319793
"119",-5.5371565,0.336264908977394
"120",-3.5989895,-0.478474483688059
"121",-0.081613799,0.467804565290878
"122",-5.04406422,0.2726085066939
"123",-5.156504756,0.313680644424768
"124",-8.26557665,-1.43545081159755
"125",-2.45179055,-0.580721478587948
"126",-5.4610451,0.347118928248303
"127",-4.88830216,0.196985298863046
"128",-7.92454886,-0.926391371365753
"129",-7.7134185,-0.553446205130967
"130",-4.042880036,-0.276054185658353
"131",-4.25127801,-0.172299410984752
"132",-9.22935619,-3.78289599966956
"133",-9.6445942,-4.52185725024901
"134",-3.572045,-0.490771479067031
"135",-0.713848,1.57236621740595
"136",-4.0190757,-0.287274167620413
"137",-4.39099251,-0.0958777698589894
"138",-4.73972276,0.112001756789674
"139",-0.149047761,0.619325011705584
"140",-4.92358177,0.215637608928947
"141",-3.17211921,-0.663730654602545
"142",-3.9845878,-0.303363099507997
"143",-7.61131322,-0.385164787757731
"144",-7.4183407,-0.127809856634485
"145",-2.7069037,-0.716065538493905
"146",-5.47429168,0.345767817906539
"147",-8.2487323,-1.41481064883192
"148",-2.5330173,-0.640071123553391
"149",-8.95012359,-2.72623646259308
"150",-1.3545505,1.27155646688387
"151",-3.8535502,-0.363243995417415
"152",-4.42840461,-0.0744623623833775
"153",-6.712226809,0.0456337690150121
"154",-5.46868554,0.346367819196992
"155",-4.99559027,0.251088738155322
"156",-8.191336388,-1.34129535203465
"157",-4.703693,0.0904017614421865
"158",-9.24724254,-3.84433216036996
"159",-7.22244067,0.0265807286740483
"160",-7.873004,-0.835619689900341
"161",-7.15209519,0.0556029830767102
"162",-1.04905897,1.61075565035434
"163",-5.5376467,0.336171236853474
"164",-2.2001511,-0.295387025468816
"165",-1.1938096,1.48870847882856
"166",-5.8687579,0.219430358251378
"167",-9.36191519,-4.17396433162503
"168",-6.64512508,0.0358480265946071
"169",-2.7627405,-0.726987794185576
"170",-6.623846665,0.0332566479728769
"171",-3.69585877,-0.434450692890125
"172",-1.593854459,0.8378121648796
"173",-1.4386833,1.13074781194069
"174",-6.08640718,0.120120782950581
"175",-6.19506114,0.0783994497388747
"176",-1.0455457,1.61273785977744
"177",-3.55684237,-0.497715616294999
"178",-2.58921351,-0.671998735591764
"179",-3.9469655,-0.32072419143251
"180",-0.96918388,1.64365677528941
"181",-7.062698449,0.0752641983756916
"182",-8.0873989,-1.19364256098379
"183",-1.135490566,1.54709262962174
"184",-4.96660514,0.237281242627068
"185",-1.2294245,1.44735972917798
"186",-8.10806377,-1.2245567263235
"187",-2.4189694,-0.552207619854244
"188",-2.75501107,-0.725833138732747
"189",-0.562751817,1.40715359789705
"190",-4.52353412,-0.0185075356364037
"191",-2.88256132,-0.731478555372414
"192",-6.110949,0.109940532601199
"193",-8.99126873,-2.8753728523443
"194",-0.72697911,1.58258029707482
"195",-7.16767499,0.0502758042749747
"196",-4.0942684,-0.251457619309649
"197",-8.89639395,-2.54412883921759
"198",-1.59492967,0.835677628944455
"199",-6.82036315,0.0633685929200851
"200",-2.1714866,-0.253472453030198
"201",-7.3249179,-0.0401503803232117
"202",-7.813547151,-0.729648242710937
"203",-4.8320316,0.165831608499613
"204",-7.310494,-0.0289162788144495
"205",-8.18831672,-1.33727829161217
"206",-4.81423862,0.155680121497939
"207",-4.37217064,-0.106507060493192
"208",-8.70843145,-2.04436523484765
"209",-7.436323959,-0.14761838611912
"210",-2.82064724,-0.732187700015951
"211",-0.385900635,1.11645641290293
"212",-8.99859153,-2.90265257415012
"213",-2.3677731,-0.502467141739905
"214",-0.52033645,1.34607761365783
"215",-1.81365311,0.392037822493965
"216",-6.91707669,0.0759222158664556
"217",-3.5042053,-0.521761874192225
"218",-0.466445488,1.26020145713621
"219",-0.462673499,1.25386430241429
"220",-6.600207965,0.030753376714145
"221",-7.37525889,-0.0841839322429223
"222",-8.345460668,-1.52913277320476
"223",-6.778319433,0.0565325055032986
"224",-4.8987479,0.202585689783449
"225",-0.76031528,1.60538798627075
"226",-4.890403,0.19811666119321
"227",-7.42378739,-0.133711038344018
"228",-9.53539113,-4.42559767211787
"229",-5.82143741,0.240811716564488
"230",-1.45998497,1.09275109657853
"231",-6.52769322,0.0260370835896993
"232",-8.68557679,-1.99816173678846
"233",-6.2551313,0.0597610977212852
"234",-3.68579771,-0.439007880674358
"235",-6.09921066,0.114762505748104
"236",-3.10372151,-0.687096736315955
"237",-3.10586587,-0.686417478889897
"238",-4.4509937,-0.0613573551675807
"239",-5.703755922,0.288916663102089
"240",-5.472799371,0.345931563106311
"241",-6.935567411,0.0774473081488054
"242",-4.21646055,-0.190439506481117
"243",-0.896296957,1.65093676390067
"244",-8.57395917,-1.8092546055268
"245",-5.8495237,0.228213935929351
"246",-7.890742493,-0.867042927728107
"247",-5.712496291,0.285679192149161
"248",-8.67310024,-1.97413053442142
"249",-5.399035541,0.350332719181147
"250",-0.5704294075,1.41756058046452
"251",-2.38026138,-0.515192155055841
"252",-0.67090171,1.53419261593137
"253",-5.29321502,0.343813357224011
"254",-3.96411932,-0.312830427870007
"255",-5.15010319,0.311710008185792
"256",-8.91193683,-2.59518057759851
"257",-7.52273167,-0.255343051838281
"258",-5.014854692,0.259887145935277
"259",-6.271332919,0.055369909450306
"260",-0.653086297,1.5162523449755
"261",-4.760139,0.124125411521947
"262",-6.82855328,0.0646426318002113
"263",-7.2203397,0.0276375588686051
"264",-2.1245949,-0.181106846781959
"265",-2.9753748,-0.719848787472677
"266",-8.34972361,-1.53399919393996
"267",-9.35542461,-4.15875232615508
"268",-2.452943783,-0.581675571451745
"269",-3.7958996,-0.389271907254766
"270",-8.30423233,-1.48150810328298
"271",-9.37785947,-4.20941768295597
"272",-8.90970731,-2.58777285215911
"273",-6.182836482,0.0826177056795636
"274",-8.30689085,-1.48461828661675
"275",-7.013474,0.0791454939534333
"276",-8.07790464,-1.17918410194034
"277",-7.42829978,-0.138664814904132
"278",-8.18768177,-1.33643161778309
"279",-5.2268629,0.33212290722882
"280",-2.29262957,-0.417886903737528
"281",-9.722128775,-4.67547773965634
"282",-4.72689223,0.104336190795499
"283",-1.1968093,1.48538773835124
"284",-6.26936628,0.0558878381368011
"285",-9.52040868,-4.4131786453072
"286",-8.61371753,-1.87028393513174
"287",-6.78507879,0.0576540721486367
"288",-8.45168388,-1.6508050262928
"289",-8.67771827,-1.98292983284045
"290",-7.78694072,-0.682280386929961
"291",-7.736192,-0.592886529021598
"292",-8.6858346,-1.99866701464634
"293",-0.184365396,0.697923322515095
"294",-6.72986273,0.0484843775308548
"295",-4.93060502,0.219257898897128
"296",-3.18557485,-0.658761473327539
"297",-9.00830896,-2.93915123611805
"298",-8.81097441,-2.28966351719282
"299",-9.4956034,-4.39012022607494
"300",-0.707460802,1.56714909619403
"301",-3.26287767,-0.628329860342074
"302",-9.05142144,-3.10443615698023
"303",-5.074038791,0.284834910435033
"304",-5.3844815,0.350335420985043
"305",-6.2478346,0.0618300869705379
"306",-0.089007804,0.484451290409802
"307",-8.23649286,-1.39956373890891
"308",-1.865647914,0.288002902211987
"309",-9.31553362,-4.05562769359676
"310",-5.99550253,0.160474308720382
"311",-8.58855674,-1.83096205742186
"312",-8.0669013,-1.1622300945146
"313",-1.586482832,0.852418256389466
"314",-2.80086011,-0.731078948880114
"315",-7.3278791,-0.0425327286409356
"316",-5.0499835517,0.275091277158801
"317",-9.16886102,-3.56149676645873
"318",-6.461157593,0.0263603997415132
"319",-0.307911946,0.96258522526001
"320",-3.7528581,-0.408688309608757
"321",-3.3538175,-0.589504618343653
"322",-6.875103435,0.0712612656844271
"323",-5.94310387,0.184833715925695
"324",-0.039226284,0.372547684079524
"325",-1.44917643,1.11213746106963
"326",-0.464516039,1.25696501280942
"327",-1.87694907,0.265672090675193
"328",-2.178178841,-0.263419237798948
"329",-7.32121871,-0.0372107167847844
"330",-2.378484704,-0.51340508420285
"331",-0.136884108,0.592089319700051
"332",-7.0639445097,0.0751074486893231
"333",-6.00648893,0.155432868171442
"334",-1.87868476,0.262252720262151
"335",-9.2284833,-3.77984313212801
"336",-6.363031901,0.0360750262305132
"337",-5.574075328,0.328396430703302
"338",-8.43285867,-1.62883078421146
"339",-4.17794729,-0.21009885493612
"340",-0.298378211,0.942951632660715
"341",-0.105001665,0.520455351823993
"342",-8.23547963,-1.3982916633795
"343",-4.5786957559,0.0146706237908467
"344",-6.156961,0.0919790137257017
"345",-3.23835949,-0.638293902292549
"346",-7.307062,-0.0263335337835997
"347",-5.307490576,0.34557323964481
"348",-8.28199917,-1.45522308280488
"349",-6.30810537,0.0464743996385693
"350",-2.74594,-0.724334323272123
"351",-5.13850895,0.30802164107771
"352",-9.36197533,-4.17410317994654
"353",-2.1545377,-0.227849799120613
"354",-5.81678364,0.242867928293027
"355",-0.189819152,0.709980105121589
"356",-7.17116044,0.0490007633020468
"357",-1.5211785,0.979255714152529
"358",-9.17760769,-3.59455527568934
"359",-1.13541249,1.54716271507474
"360",-5.28069269,0.342046819255884
"361",-8.90899036,-2.58539670371101
"362",-6.6672201547,0.0388328785090408
"363",-1.6258343,0.773921347295152
"364",-7.2315015,0.0218839312900627
"365",-4.1296485,-0.234184277391022
"366",-1.6326773026,0.760153094504031
"367",-9.28845976,-3.97670981759438
"368",-2.97221256,-0.720431046897657
"369",-3.0117546,-0.71230432508014
"370",-5.360376,0.349707431102868
"371",-5.630688895,0.313281907961468
"372",-4.37823212,-0.103094857592851
"373",-0.715167736,1.5734239393238
"374",-7.69533585,-0.522533547637067
"375",-7.78186245,-0.673266768452777
"376",-5.79784106,0.251131625898521
"377",-6.66479194,0.0384916462449922
"378",-1.351924496,1.27568717804564
"379",-8.2280546,-1.38892236609172
"380",-5.0668127,0.281967314359567
"381",-5.7028663,0.289242614803641
"382",-4.35736157,-0.114799288577439
"383",-3.4383768,-0.551708800934522
"384",-0.214459372,0.764117299735384
"385",-7.67838851,-0.493938270027229
"386",-7.5918840384,-0.355204404694177
"387",-2.0316391,-0.0248240621282165
"388",-1.683282849,0.657569485758886
"389",-8.86492293,-2.44512252492132
"390",-0.3668798366,1.08013043254811
"391",-8.526771,-1.74384754218772
"392",-8.56373057,-1.79448864779988
"393",-0.747700647,1.59728753465623
"394",-4.9296439,0.218764388460169
"395",-8.4514898,-1.65057652858377
"396",-6.516979478,0.0257685056175063
"397",-3.40178974,-0.568194554769986
"398",-6.882276255,0.0721606214135591
"399",-6.4842659,0.025699633487676
"400",-8.52154293,-1.73699064888933
"401",-3.4112239,-0.563959351590343
"402",-8.1493003,-1.28393056795176
"403",-0.456218631,1.24292489434852
"404",-1.021515,1.62498991131485
"405",-0.563029455,1.40753347223058
"406",-2.76309248,-0.727037714219394
"407",-6.29642934,0.0491346840744527
"408",-2.189824597,-0.280495461090488
"409",-9.88850491,-5.69057097006589
"410",-0.596912878,1.45187817002098
"411",-0.062507737,0.424814428580097
"412",-6.42594254,0.0285426835843339
"413",-2.52364936,-0.634031495167508
"414",-2.07090976,-0.0928085299198556
"415",-2.941409936,-0.725448731071239
"416",-5.2417496,0.335240653751154
"417",-5.0534547,0.276531800470264
"418",-6.91947551,0.0761402524116761
"419",-3.0498775,-0.702843478182139
"420",-1.772066943,0.476372411777588
"421",-5.65282359,0.306441403119716
"422",-4.852673471,0.177438928176554
"423",-3.36989,-0.582412486152604
"424",-8.56833413,-1.80109062995325
"425",-6.55512606,0.0272494915628982
"426",-5.9423641,0.185179686064223
"427",-9.14688994,-3.47734609752661
"428",-0.674280717,1.5374575146442
"429",-1.616159332,0.793333317893302
"430",-1.205667038,1.47540619932837
"431",-0.642875323,1.50542423311956
"432",-9.275393665,-3.93625180312665
"433",-6.21240559,0.0726524295432114
"434",-4.62135077,0.0405218799810211
"435",-8.94949861,-2.72403090397711
"436",-1.983122944,0.062732387517032
"437",-2.6035825,-0.678999411065353
"438",-9.478509866,-4.37184404651634
"439",-5.1783042,0.320033010775306
"440",-0.79482159,1.6242153565421
"441",-9.58471571,-4.46347665099893
"442",-7.060082,0.0755834483630338
"443",-4.99149512,0.249178520067818
"444",-3.90251,-0.341040084495863
"445",-7.3575095,-0.0678011960640106
"446",-5.7690139,0.263337539434013
"447",-6.3343638367,0.0410631414702536
"448",-0.574946776,1.42358855372015
"449",-8.76276434,-2.16630225106201
"450",-9.2996732,-4.01022487145383
"451",-0.35682962,1.06060606392018
"452",-5.5748989,0.32820243687545
"453",-6.29727619,0.0489365412900931
"454",-8.29756419,-1.47367785783354
"455",-9.4580957,-4.34691606927663
"456",-3.4217193,-0.55923410022261
"457",-4.21838083,-0.189448254495717
"458",-0.12898236,0.574363334340075
"459",-3.9620759,-0.313772599596459
"460",-9.35050081,-4.14691418095026
"461",-8.37890918,-1.56717993299389
"462",-5.2460207,0.336082984429519
"463",-9.980671652,-6.70986062381417
"464",-5.585408569,0.325657896127976
"465",-7.39070262,-0.0991962666294057
"466",-0.61586254,1.47489495137403
"467",-2.841667162,-0.732639200567591
"468",-8.36914521,-1.55609568433283
"469",-5.238119815,0.33450645234355
"470",-3.0974327,-0.689067021699
"471",-5.3910482,0.350369776829895
"472",-0.4485326167,1.22974481296543
"473",-2.87459877,-0.731908447659605
"474",-6.0285206,0.145432490417997
"475",-8.82279387,-2.32215038029244
"476",-7.59883726,-0.365837898892096
"477",-1.363694334,1.25703987707538
"478",-5.64023598,0.310392501360528
"479",-5.02131948,0.262768443925018
"480",-3.0807232,-0.694139510922892
"481",-2.39686718,-0.531521353921632
"482",-8.44598777,-1.644116915013
"483",-1.505429,1.00902791146293
"484",-0.531821809,1.36320329796678
"485",-4.115808096,-0.240976851288469
"486",-4.97749184,0.242544607137263
"487",-8.10220082,-1.21586392680183
"488",-9.98163141,-6.72096283407882
"489",-1.224219377,1.45366126498155
"490",-8.65888662,-1.94773463887395
"491",-9.77258775,-4.86347523587756
"492",-0.608632939,1.46626740743545
"493",-7.070512771,0.0742304188630669
"494",-8.3567342,-1.54198724664093
"495",-6.008974441,0.154296934509532
"496",-5.40424587,0.350261947986917
"497",-5.6596915,0.304219462950075
"498",-4.8299017,0.164623255468331
"499",-1.53754247,0.947955982637005
"500",-9.44835713,-4.33370680420194
"501",-4.45822938,-0.0571335353383851
"502",-3.11724762,-0.68275037710874
"503",-3.41942446,-0.560268435838506
"504",-3.3665727,-0.583880601283154
"505",-5.277657974,0.341587541889141
"506",-0.304718338,0.956026289480513
"507",-5.978029372,0.168550936020741
"508",-1.50447896,1.0108121790888
"509",-2.43355092,-0.565200339677787
"510",-4.6739878,0.0724561381279768
"511",-1.25850339,1.41058220967304
"512",-5.3288488,0.347697017990185
"513",-9.91871544,-6.0014432342723
"514",-2.72232995,-0.719691227044156
"515",-2.834105,-0.732561244043461
"516",-8.12573628,-1.25038170198604
"517",-3.5393272,-0.505718619018292
"518",-4.5802072,0.0155846016951082
"519",-6.6467924,0.0360633880704171
"520",-3.620912767,-0.468483203096048
"521",-1.7079893,0.607170361017625
"522",-2.910248015,-0.729251500501907
"523",-6.51449649,0.0257232336863638
"524",-8.71672125,-2.06184664393368
"525",-6.11921511,0.10659996986146
"526",-0.71822451,1.57584714049474
"527",-1.9560922,0.11305367386655
"528",-2.41303192,-0.546768042190936
"529",-0.42750111,1.19284519582456
"530",-0.060861213,0.421112668329052
"531",-3.93559,-0.325940727454597
"532",-9.70622834,-4.632855378557
"533",-6.6355464,0.0346445449503392
"534",-7.22341913,0.0260844154437336
"535",-8.82802449,-2.33681020418589
"536",-9.5678174,-4.45049215655308
"537",-6.296902,0.0490239931113088
"538",-6.631216912,0.0341201227104477
"539",-8.26347446,-1.43289558294055
"540",-3.7822672,-0.395420497319432
"541",-6.02156372,0.148572730389162
"542",-0.443242313,1.22057693284532
"543",-3.46650556,-0.538944095187087
"544",-6.71256283,0.0456873351562024
"545",-8.0285328649,-1.10151503736233
"546",-8.84657675,-2.39020174613688
"547",-0.040345212,0.375055245097888
"548",-6.20723274,0.0743365739148949
"549",-4.380119072,-0.102030505389345
"550",-2.6728198,-0.706342802481895
"551",-1.29194447,1.36511261013507
"552",-4.27829,-0.157978408030767
"553",-9.88963929,-5.70160913653672
"554",-0.936847387,1.64960212849351
"555",-2.293463684,-0.418900549082274
"556",-6.174953,0.0854088915998901
"557",-9.05954111,-3.13602839875966
"558",-9.50346416,-4.39782796893269
"559",-1.788376818,0.443209942966753
"560",-1.7067569,0.609686866011246
"561",-3.45267124,-0.545229786410168
"562",-8.6717218,-1.97152550642204
"563",-6.581900988,0.0291175735787448
"564",-2.68628421,-0.710469444183685
"565",-0.927085,1.65054809405349
"566",-3.03803,-0.705943939060254
"567",-7.5842077,-0.343583312036571
"568",-3.55892771,-0.496762920945003
"569",-7.1924978,0.0405156009317125
"570",-0.423634792,1.18593211584394
"571",-8.4160404,-1.60946210265683
"572",-5.81661,0.242944460207217
"573",-7.479902,-0.199416274450186
"574",-9.05609732,-3.122616104607
"575",-1.722822303,0.576871811061756
"576",-4.74694496,0.116301556675425
"577",-3.32252372,-0.60314271655501
"578",-5.9172224,0.19693810124305
"579",-1.57410096,0.876834789183567
"580",-2.6269453,-0.689395248198051
"581",-6.51775598,0.0257839840785294
"582",-0.510618225,1.33125558535352
"583",-3.5332081,-0.508514658199098
"584",-9.64722233,-4.52522833878174
"585",-4.03551544,-0.279536278258865
"586",-5.8468199,0.229439440298969
"587",-9.23102961,-3.78873496560846
"588",-4.7195112,0.0999123508146402
"589",-0.376666914,1.09892615783634
"590",-2.9125994,-0.729011365850136
"591",-4.465242964,-0.0530277998800784
"592",-7.57043391,-0.323052019256011
"593",-2.2195747,-0.322750867739429
"594",-3.48059056,-0.532532184020679
"595",-1.69754296,0.628494489280747
"596",-3.51449052,-0.517065603065251
"597",-5.201642056,0.326205090032956
"598",-5.049358943,0.274830851874291
"599",-6.201274,0.0763082144915828
"600",-5.495145628,0.343175751003903
"601",-1.85748249,0.304206830523259
"602",-0.71222774,1.57105814237952
"603",-8.5251895,-1.74176601311774
"604",-2.5017833,-0.619123170186773
"605",-0.243426503,0.826931774139509
"606",-0.252075365,0.845485180929093
"607",-6.4937442,0.0256005793659497
"608",-6.06050943,0.131244453997228
"609",-0.490489909,1.29961315831898
"610",-8.9335168,-2.66829784517176
"611",-0.652398834,1.51553574458321
"612",-6.538379,0.0264212458242383
"613",-4.66939394,0.0696735565360754
"614",-4.612057006,0.0348818177545474
"615",-2.8528205,-0.732584319351343
"616",-5.942094998,0.185305542314918
"617",-8.47211858,-1.67513949039858
"618",-6.5976723,0.0305103923700187
"619",-3.7334515,-0.41745053083049
"620",-9.42627321,-4.30033797898795
"621",-1.4833236,1.05018050014947
"622",-7.87354654,-0.836582961973363
"623",-4.6053797,0.0308314121250282
"624",-8.63512413,-1.90582251614251
"625",-6.751348595,0.0520354231625788
"626",-3.78923706,-0.392276907667777
"627",-7.4401775,-0.151983700057599
"628",-3.65124201,-0.454686920810996
"629",-5.14327893,0.309557545980915
"630",-0.618230833,1.4776796127573
"631",-1.424984629,1.1547188167338
"632",-6.2911646,0.0503846149243152
"633",-6.8579817,0.0689707896266043
"634",-1.7146564,0.593553709084274
"635",-5.48158486,0.344925639906364
"636",-6.841215877,0.0665576781908044
"637",-9.02191462,-2.99077442398993
"638",-9.35099463,-4.14811301068403
"639",-3.10542633,-0.686557014543506
"640",-3.31949396,-0.60444956412725
"641",-0.954533522,1.64688408301112
"642",-6.98306729,0.0794994193349225
"643",-0.67191295,1.53517433777347
"644",-7.98016982,-1.02175497614007
"645",-2.07621244,-0.101775627835087
"646",-7.75369491,-0.623520403711154
"647",-9.69243428,-4.6012057652697
"648",-1.37965958,1.2312086547075
"649",-3.14892494,-0.672026439048315
"650",-0.5792509042,1.42926578971357
"651",-3.24146239,-0.637047439297422
"652",-1.56879851,0.887243503904874
"653",-6.38105815,0.033436397915402
"654",-6.0763411,0.124401175942406
"655",-4.323126,-0.133723720022418
"656",-9.04847866,-3.09301439981209
"657",-8.0621592,-1.15485899711166
"658",-4.119336,-0.239249846982132
"659",-2.4849583,-0.606873002628385
"660",-1.3276121,1.31309525487245
"661",-6.2820426,0.0526236985037372
"662",-2.0118545,0.0104285790560064
"663",-9.416856074,-4.28460181679111
"664",-3.7656429,-0.402919398931358
"665",-6.433585933,0.0279464469892474
"666",-4.12072067,-0.238571194366662
"667",-0.862153579,1.64674331785353
"668",-8.00557817,-1.06407611143732
"669",-6.30916376,0.0462409234280585
"670",-3.28591672,-0.618745679372239
"671",-2.3185544,-0.448611611950614
"672",-4.7775172,0.134361138402018
"673",-1.71924981,0.584170316202967
"674",-4.729038053,0.105620446567765
"675",-4.98245174,0.24491212238018
"676",-5.800266801,0.250083405143131
"677",-6.3770171,0.0339943508772507
"678",-8.76571089,-2.17342437962361
"679",-7.0183847,0.0789502637098849
"680",-7.2332351,0.020959443413858
"681",-2.297746443,-0.4240789133938
"682",-2.2181869,-0.320823999519308
"683",-8.56212719,-1.79220565705327
"684",-4.8447384,0.17299966745987
"685",-4.02759514,-0.283270133137295
"686",-4.941569759,0.22484395750867
"687",-6.13900366,0.0987999457572322
"688",-5.739018,0.275483485821764
"689",-9.88240265,-5.63211223622784
"690",-0.806682296,1.62955227282266
"691",-9.20560306,-3.69818200095324
"692",-4.9262574,0.217020639376556
"693",-1.7982838,0.423116929005704
"694",-4.01604581,-0.288695202861179
"695",-5.75846473,0.267678269645691
"696",-4.4068972,-0.0868193109888051
"697",-2.109055,-0.156126228323404
"698",-8.32284742,-1.50315945870898
"699",-0.295482699,0.936957246881222
"700",-5.264969,0.339536257605785
"701",-0.70256794,1.56304297538878
"702",-0.990607296,1.63735611468778
"703",-2.49117812,-0.611480895191243
"704",-3.23431227,-0.639913054278731
"705",-3.51986554,-0.514610519620494
"706",-9.2675313,-3.91121044137981
"707",-5.764415,0.265238707078793
"708",-4.6917563,0.0832019391611444
"709",-0.572952376,1.42093597499465
"710",-2.877754406,-0.731749588664842
"711",-2.75509424,-0.725846160140708
"712",-5.298713822,0.344523391422898
"713",-8.79717744,-2.25286288703501
"714",-2.1690232,-0.24978664656483
"715",-5.618426029,0.316853615306605
"716",-5.685440201,0.295490142671417
"717",-9.72502121,-4.68399974820204
"718",-8.53438157,-1.75395587363164
"719",-5.77404842,0.261241072599609
"720",-2.3286282,-0.46011352497961
"721",-9.952335546,-6.37999238353223
"722",-3.964043084,-0.312865587737106
"723",-0.944227394,1.64862504228836
"724",-2.9333846,-0.726554348193374
"725",-7.3746284,-0.0835860140296063
"726",-1.4892378,1.0392464011458
"727",-6.6639448,0.0383733263372363
"728",-4.2171573,-0.190079965986781
"729",-5.672268697,0.300032762361245
"730",-9.48404676,-4.37800601974595
"731",-2.7019671,-0.71480452450805
"732",-4.51829585,-0.0216357287993094
"733",-2.487780144,-0.608975084120309
"734",-9.49228835,-4.38674426125363
"735",-2.85033787,-0.732613873430379
"736",-7.02305543,0.078726989911047
"737",-7.1652279,0.051152657489979
"738",-1.70122872,0.620972662120252
"739",-9.13604624,-3.43534874141915
"740",-9.57342881,-4.45474974904209
"741",-6.51259191,0.0256928838729564
"742",-4.576639898,0.0134277616080449
"743",-3.90539136,-0.339728575943322
"744",-7.286279015,-0.0114307747655857
"745",-7.94769068,-0.966470096755074
"746",-6.1836785,0.0823228330991164
"747",-5.274418846,0.341083965484168
"748",-1.644820501,0.735650039964026
"749",-8.78528503,-2.22210912997252
"750",-3.24191875,-0.636863746797921
"751",-5.0331478,0.267944363542547
"752",-0.977622522,1.6413984557982
"753",-4.487360331,-0.0400093101774549
"754",-8.7143532,-2.05681286408799
"755",-5.57990214,0.327006981158852
"756",-8.07702303,-1.17783348088778
"757",-5.65099377,0.307025586837386
"758",-7.7486659,-0.614693427086422
"759",-0.389037178,1.12236534798684
"760",-5.51572534,0.340068570865632
"761",-2.2285501,-0.335106710727477
"762",-8.41780225,-1.61148201265314
"763",-1.3319141,1.30658778725099
"764",-7.93854394,-0.950690664212743
"765",-8.22050316,-1.37930614161087
"766",-8.35108853,-1.53555578679516
"767",-4.34731022,-0.12039121416472
"768",-2.7281897,-0.720944869188934
"769",-1.24081,1.43327498271636
"770",-2.915756162,-0.728676732023706
"771",-5.22536789,0.331794289096976
"772",-1.79720006,0.425312821687031
"773",-9.833877892,-5.22587851597928
"774",-0.0388889876,0.371791893894341
"775",-3.651051642,-0.454773415352911
"776",-5.715246191,0.284647657407392
"777",-9.71607067,-4.65841393778101
"778",-2.46667299,-0.592785600982111
"779",-7.9136602,-0.90736777069651
"780",-0.005445948,0.297150254334413
"781",-0.927508,1.65051529809965
"782",-2.87534968,-0.731872022964954
"783",-2.69067116,-0.711732842580013
"784",-5.275120788,0.341194263749893
"785",-1.37489313,1.23898406921345
"786",-8.34584877,-1.52957613728358
"787",-3.7957207,-0.389352598011941
"788",-7.07668605,0.0733272219285936
"789",-5.438582662,0.348878765290415
"790",-9.54360791,-4.43207568058278
"791",-8.2233824,-1.38298320232934
"792",-9.42067932,-4.29110171354841
"793",-0.555897664,1.39769194366004
"794",-6.572565257,0.0283930338829066
"795",-4.820494293,0.159263687865499
"796",-3.7475466,-0.41108576266064
"797",-7.62735146,-0.410457345335089
"798",-4.83876085,0.169636522775058
"799",-1.9345817,0.153805741424933
"800",-6.51735265,0.02577586593749
"801",-1.41312547,1.17516200970581
"802",-9.65561238,-4.5366460934747
"803",-0.290028541,0.925627155050596
"804",-2.54889863,-0.649837821674994
"805",-7.2674475819,0.000988094816761986
"806",-3.2289389,-0.642050863601584
"807",-6.5205253,0.0258442877759961
"808",-0.529794783,1.36021197618421
"809",-6.6137622,0.0321375347051429
"810",-9.68286796,-4.58185600023717
"811",-6.46414202,0.0262411681060399
"812",-6.128764122,0.10280039240059
"813",-6.43052839,0.0281767377851949
"814",-0.400313939,1.14341330981376
"815",-6.16261795,0.0898839746329401
"816",-4.5366237,-0.0106714640480232
"817",-0.746765241,1.59666107709193
"818",-0.831404728,1.63879855749994
"819",-7.57267007,-0.326356703877082
"820",-2.82909161,-0.732457498587139
"821",-6.5105396,0.0256644518304867
"822",-4.457166492,-0.0577547617421788
"823",-2.5702758,-0.662055171734963
"824",-1.80301681,0.413533321970385
"825",-1.303427349,1.34875085913243
"826",-9.64134865,-4.51782070356421
"827",-7.799755965,-0.70507068430652
"828",-6.3302679,0.0418545969910404
"829",-6.94303557,0.0779567014789109
"830",-2.72169542,-0.719551418120444
"831",-3.002712337,-0.714320913607521
"832",-0.89939073,1.65107618328515
"833",-1.5439739,0.935558819015152
"834",-2.2145535,-0.315758577952049
"835",-5.9915657,0.162288278290633
"836",-4.23195341,-0.182411540805942
"837",-9.23640553,-3.80736871255795
"838",-1.270251492,1.39498606009694
"839",-0.437142644,1.20991070175352
"840",-4.944689,0.22641800646996
"841",-0.7563363,1.60290291226767
"842",-8.65486467,-1.94044953625416
"843",-7.61262996,-0.387222681432377
"844",-5.10037377,0.294838594271275
"845",-5.259399032,0.338569417260826
"846",-5.6500584096,0.307322927659972
"847",-9.60751039,-4.48252389673144
"848",-3.55668984,-0.497785301870847
"849",-2.8443279,-0.732644377790775
"850",-6.4833327,0.0257147376417706
"851",-0.53443251,1.36703613632799
"852",-2.56893492,-0.661319940225696
"853",-9.49214079,-4.38659218326211
"854",-0.196352191,0.724389407402978
"855",-7.821775474,-0.744327445018826
"856",-9.638039979,-4.51384328212589
"857",-7.39296134,-0.101450796212021
"858",-2.79584214,-0.730689532925608
"859",-7.5210581,-0.25306836454547
"860",-7.65084208,-0.448349033113573
"861",-9.78988157,-4.94950458779931
"862",-7.35379372,-0.064489688092408
"863",-3.0819838,-0.693765280234424
"864",-9.65330608,-4.53340402129106
"865",-9.3721387,-4.19701158243697
"866",-6.022939,0.147950582191109
"867",-5.09971575,0.294597374906863
"868",-3.68951252,-0.437324849804969
"869",-2.7659568,-0.72743538156417
"870",-9.23234207,-3.79330172808841
"871",-5.78553919,0.256398868783023
"872",-0.262733141,0.868207273706194
"873",-1.86194216,0.295349845631268
"874",-7.76232277,-0.638706415558772
"875",-5.102576941,0.295642919784916
"876",-9.88659807,-5.67213625321165
"877",-7.41397703,-0.123144063392601
"878",-5.4540122,0.347742088321788
"879",-2.59023311,-0.672510883462354
"880",-0.093399882,0.494339803478845
"881",-6.677950539,0.0403762385206221
"882",-0.55208594,1.39236100826014
"883",-0.381465801,1.10806179929779
"884",-1.007225,1.63118527440293
"885",-5.07284164,0.284363415440669
"886",-2.1506452,-0.22187896252385
"887",-1.9688095,0.0892503623474769
"888",-3.22232376,-0.644663578396668
"889",-4.187224213,-0.205401387840956
"890",-6.6933191,0.0426781857062366
"891",-9.98685343,-6.7810966540128
"892",-9.34198035,-4.12582638859749
"893",-9.140480826,-3.45255444123177
"894",-9.86890283,-5.50846594339237
"895",-6.6425437,0.035517981243899
"896",-8.80735683,-2.27989755300223
"897",-4.06404554,-0.265989209717207
"898",-9.62687324,-4.50135593744926
"899",-9.90428208,-5.84870358603075
"900",-8.3840387,-1.57300267566461
"901",-1.681010117,0.662198589524807
"902",-2.331572,-0.46342825304849
"903",-7.27219683,-0.00204741616391857
"904",-8.11836701,-1.23968201737262
"905",-7.74238165,-0.603691013627213
"906",-9.38029632,-4.21459505311213
"907",-9.40099759,-4.25599360733759
"908",-8.51844129,-1.73295486834832
"909",-9.27012114,-3.9195151522872
"910",-9.57114108,-4.45300988550298
"911",-4.775387276,0.133111199094793
"912",-2.1076851,-0.153901007507914
"913",-3.0524665,-0.70214747791934
"914",-9.33423952,-4.10601404734189
"915",-9.820422534,-5.13222244218923
"916",-5.5784157,0.327365174704622
"917",-8.42397916,-1.61857931216218
"918",-2.81139884,-0.731753482096015
"919",-2.96058167,-0.722466820460701
"920",-1.147736951,1.53582731435803
"921",-6.747389847,0.0513769757431248
"922",-0.291184333,0.928032294396839
"923",-0.151797337,0.625471705539279
"924",-9.60815282,-4.48310184013098
"925",-1.064287119,1.60160622266887
"926",-1.776008,0.468350793275717
"927",-2.75755307,-0.726225239978731
"928",-7.11079862,0.066894476275138
"929",-4.98051395,0.243989454779988
"930",-5.71652998,0.284163996318142
"931",-3.8998398,-0.342254919762137
"932",-0.738868259,1.59123090035448
"933",-7.598767422,-0.365730598171467
"934",-7.28118166,-0.00796796534268651
"935",-2.64996353,-0.698464275829811
"936",-2.4845412,-0.606560663443829
"937",-0.694080791,1.55569602430469
"938",-5.37269725,0.350126987642819
"939",-1.3930882327,1.20901981818483
"940",-6.879635804,0.0718339761253901
"941",-7.9196098,-0.917774351613843
"942",-0.79172532,1.62272628645252
"943",-9.47263115,-4.36503116867971
"944",-5.88844568,0.210341096008424
"945",-5.43658784,0.349002508368336
"946",-5.84139752,0.231889522322926
"947",-3.29646548,-0.61429343184779
"948",-2.43095919,-0.562928994229531
"949",-0.883486855,1.64993428674216
"950",-1.8004791,0.418670454912633
"951",-9.06350147,-3.15147406121832
"952",-8.22093918,-1.37986382171584
"953",-3.57785419,-0.488118948380457
"954",-1.257170061,1.412325866647
"955",-4.07686649,-0.25984854761615
"956",-7.375678,-0.0845820410991109
"957",-1.162477359,1.52155755058202
"958",-8.12310653,-1.24657484149975
"959",-5.11133017,0.298787623113146
"960",-9.90179512,-5.82313528191298
"961",-6.395659,0.0315822312123473
"962",-5.57838309,0.327373004223788
"963",-8.74270778,-2.11923819068761
"964",-3.75635452,-0.407110384444252
"965",-6.9756866,0.0793764566033701
"966",-7.603627718,-0.373221863976141
"967",-6.4137023,0.0296406203663864
"968",-1.070895874872,1.59735535356807
"969",-0.093727349,0.495077058189349
"970",-2.67578802,-0.707284982052873
"971",-0.072119117,0.446434107619293
"972",-4.60210637,0.0288465626228911
"973",-5.66198238,0.303468114086399
"974",-0.353263258,1.05362473328531
"975",-8.5168035,-1.73083324068284
"976",-9.33506944,-4.10816770588281
"977",-9.757485119,-4.7978896915447
"978",-3.8757675,-0.353184972863025
"979",-3.03391251,-0.706988375336903
"980",-1.9885811,0.0526991500673368
"981",-8.62269716,-1.8849471041467
"982",-8.40215177,-1.59359573894471
"983",-0.11166407,0.535445054366168
"984",-6.01354304,0.15221380499572
"985",-8.1208818,-1.2433444483504
"986",-5.22271758,0.331204807142553
"987",-4.55765977,0.00197332181562038
"988",-6.71842019,0.0466261105476633
"989",-0.000694063,0.286601783820465
"990",-4.72218164,0.101513993213504
"991",-8.66265491,-1.95463313038636
"992",-5.61459932,0.317935414814966
"993",-3.7920606,-0.391003420198064
"994",-7.97087587,-1.00606259622327
"995",-8.6583022,-1.94667109361035
"996",-2.23166,-0.339344947129128
"997",-3.6405015,-0.459568941421084
"998",-7.178637033,0.0461613522002153
"999",-8.087405439,-1.19365246359666
"1000",-7.3446328,-0.0565003600070213
"1001",8.0234954133,2.12939876673772
"1002",4.79495186,1.72993911416844
"1003",1.7740156315,0.736012828087978
"1004",3.9713334455,1.28803310593764
"1005",8.1422699266,2.09082556069552
"1006",9.413570764,2.24350577150472
"1007",1.733499339,0.670773126107513
"1008",3.5494079,0.997313977957083
"1009",7.05040041,2.16300213922517
"1010",9.5924091991,2.00981717812829
"1011",4.2780140996,1.53941185200091
"1012",1.35915317,-0.00516605913794393
"1013",8.1374123925,2.09260673671088
"1014",8.0684496043,2.11615359995267
"1015",9.0811035479,2.38487670198083
"1016",7.0360188698,2.16257829399569
"1017",4.587965197,1.70063238058397
"1018",0.816244133,-0.666242763569235
"1019",7.3074397211,2.16426434314576
"1020",9.3268151534,2.35985687858192
"1021",0.359482921,-0.402094717824184
"1022",1.07039442,-0.458818058245176
"1023",3.963889277,1.28166743456431
"1024",1.522837432,0.297104060402801
"1025",1.1311222752,-0.378338719900149
"1026",2.861522019,1.0893395541757
"1027",5.8100972184,1.66170995671384
"1028",1.416283848,0.0992180557003363
"1029",4.944173397,1.71697967069904
"1030",3.6028439714,1.02191152042161
"1031",4.070264308,1.37301126142602
"1032",2.811819864,1.11416110370646
"1033",4.25313429441,1.52120549339744
"1034",4.6350158983,1.71282008691435
"1035",8.2926965458,2.03252626876565
"1036",3.5909425257,1.01603308865579
"1037",4.3879904574,1.61161631473423
"1038",0.072597151,0.126600835507701
"1039",9.6814791066,2.050484002335
"1040",3.3749808254,0.951317316792163
"1041",0.284441991,-0.284261299683677
"1042",3.56542730005,1.00419778177643
"1043",6.4031455316,1.98795768118109
"1044",2.86633577,1.08694148613112
"1045",9.8276520497,2.50338511890732
"1046",0.8230133377,-0.663808396575177
"1047",1.2803081,-0.144016179330727
"1048",2.6355098118,1.19469509920877
"1049",2.1294162748,1.15025695087089
"1050",9.464028296,2.16317022952717
"1051",3.45473791,0.96563045823591
"1052",4.05422623,1.35927608646212
"1053",5.3654135158,1.62504585565939
"1054",2.758286877,1.14047860541503
"1055",4.056714088,1.36140987219843
"1056",4.3550918833,1.59155264165718
"1057",3.22054158,0.955620714434624
"1058",0.034356892,0.209377331559499
"1059",9.729690738,2.15202858345583
"1060",1.129125899,-0.381140903929007
"1061",5.4857219522,1.61217618807766
"1062",8.7229738035,2.04414370516315
"1063",8.6259456002,1.99578034419392
"1064",6.10543699702,1.80901498562029
"1065",0.01478096,0.25237191293043
"1066",3.2402595528,0.952819895882776
"1067",8.704432805,2.03238792387128
"1068",5.0683445879,1.69197903730844
"1069",9.0523995086,2.36188209985266
"1070",9.86314764944,2.63277244428173
"1071",3.1468706554,0.971391008410132
"1072",0.128363075,0.00956385945473666
"1073",4.110444807,1.40712273053588
"1074",7.7408092585,2.16971100743558
"1075",9.5231883786,2.07484735001344
"1076",7.2636577463,2.16418832434977
"1077",5.1643915916,1.66861691465615
"1078",7.3395483056,2.16445077807225
"1079",8.5040566371,1.97947222580842
"1080",8.1838621618,2.07508925968432
"1081",7.2161400644,2.16424458353879
"1082",4.4147176737,1.62686301198533
"1083",4.3711036839,1.60149206446726
"1084",8.3593526505,2.0088392190155
"1085",3.851106544,1.18791442167734
"1086",6.744154326,2.12655031656075
"1087",0.77818545,-0.676514631689272
"1088",8.2897671451,2.033640750411
"1089",0.162454729,-0.0593201132194587
"1090",1.1269323,-0.384208191282104
"1091",4.910245127,1.72191580377695
"1092",6.8298705271,2.14393744016121
"1093",6.063317593,1.78410963888772
"1094",8.9725965796,2.28379290000885
"1095",3.074928908,0.994036640638396
"1096",5.4246555478,1.616981169692
"1097",7.3591676959,2.16462984316036
"1098",1.56152101,0.368581641158872
"1099",6.8245154083,2.14304456949915
"1100",8.807794903,2.1118613488361
"1101",3.6668013,1.05720893763277
"1102",0.330144132,-0.358117398995138
"1103",5.1978005305,1.66040109241905
"1104",1.1271439748,-0.383912745526897
"1105",9.0238527813,2.33588292245986
"1106",2.199716686,1.19298656480296
"1107",6.2347650132,1.88834221084577
"1108",3.6313971737,1.03691445212235
"1109",7.8859985433,2.15787118284697
"1110",9.536392746,2.05813935969491
"1111",6.8653729581,2.14924980018043
"1112",0.10991663,0.0477257538307595
"1113",9.5778679335,2.01813904254232
"1114",4.9810330895,1.71055548687877
"1115",5.40793451,1.61894258584589
"1116",0.59833055,-0.644659733751995
"1117",1.6112687974,0.459202187284628
"1118",7.5799369881,2.16936449071636
"1119",3.22599776,0.954783165875666
"1120",6.184480451,1.85727829973071
"1121",5.9392817923,1.71697004473466
"1122",0.4812483373,-0.552848586592109
"1123",3.93811998656,1.25974654559965
"1124",3.1159811886,0.980308599685121
"1125",4.3268042174,1.57321556088772
"1126",3.5949100647,1.01796779260544
"1127",7.4693284276,2.16657358792213
"1128",9.5245621539,2.07303814205807
"1129",2.19007093,1.18792003446578
"1130",8.2673703506,2.04228459422302
"1131",0.274756415,-0.267815845823597
"1132",9.4768455,2.14285278494935
"1133",9.78273666463,2.32646995736286
"1134",8.1356647005,2.09324419966288
"1135",6.6829518787,2.10985715184597
"1136",2.9770418675,1.03393204760256
"1137",8.531797525,1.9792285171352
"1138",8.4625032055,1.98356641340797
"1139",3.77476619,1.12935539999603
"1140",8.676358447,2.01683263383165
"1141",5.3729354054,1.6238562429133
"1142",5.77537083,1.65005527056702
"1143",0.156519564,-0.0474911290355837
"1144",9.1126248915,2.40557371766772
"1145",6.398257499,1.98525433799969
"1146",5.540489319,1.61133414808731
"1147",6.8005936243,2.13875048969962
"1148",9.3996182386,2.26480888051447
"1149",1.82285688,0.810591807041876
"1150",4.4476588629,1.64429493939604
"1151",2.982813676,1.03134946724331
"1152",4.5197215257,1.67693834948243
"1153",9.1045734705,2.40079304162646
"1154",7.7405811613,2.16971801936415
"1155",6.806202929,2.13980282164789
"1156",6.2978654447,1.92689276169302
"1157",4.0009350934,1.31344223210486
"1158",0.545396546,-0.609923762776615
"1159",6.4397479011,2.00769288939414
"1160",2.19813041,1.19217063562915
"1161",0.89037283,-0.629825676822936
"1162",1.307512,-0.0969815804584672
"1163",8.79388509085,2.09931698201399
"1164",6.52040252229,2.04757022866735
"1165",0.281480583,-0.279261500566836
"1166",1.310630678,-0.0915250582612305
"1167",1.5759514202,0.39504986322169
"1168",4.7347612865,1.72771893607113
"1169",7.5069788075,2.16751615877956
"1170",8.40283919125,1.99600762072805
"1171",8.7540556094,2.06640917394543
"1172",0.110687566,0.0461192392270534
"1173",0.415691805,-0.478288540234718
"1174",2.1135891415,1.13877248746652
"1175",7.261828512,2.16418861345164
"1176",7.941190449,2.14865623745936
"1177",6.33692966,1.9501673616758
"1178",1.4976051892,0.250218363576175
"1179",4.8592783464,1.72727243137874
"1180",7.4894312792,2.16706703953059
"1181",2.656033502,1.1865288166323
"1182",7.58678108453,2.16951878591999
"1183",1.96006852,0.992152486293428
"1184",3.774320008,1.12902923566569
"1185",5.6031892006,1.61478379321759
"1186",4.5264147268,1.67957639801163
"1187",8.861630873,2.16463821523939
"1188",5.8878663112,1.69287788528151
"1189",0.682992786,-0.676318773761571
"1190",1.30542241,-0.100630504172739
"1191",1.4677306334,0.194623408308996
"1192",8.6031669517,1.98913773342792
"1193",9.4927601539,2.11827526963316
"1194",8.9644329552,2.27508287120145
"1195",1.13651731,-0.370715594093496
"1196",7.9338595201,2.15004893425066
"1197",0.043177721,0.190131192792605
"1198",6.9813990965,2.16015392096347
"1199",5.0696648471,1.69167130642084
"1200",2.6944410311,1.17014723274842
"1201",6.3464980851,1.95577078673517
"1202",9.9765660241,2.41336529841647
"1203",5.0507434387,1.69602046114209
"1204",9.33232999,2.3538528479985
"1205",1.91208887,0.933722199316623
"1206",4.8476254451,1.728112803339
"1207",6.3412564806,1.95270648595771
"1208",2.02303132,1.05991022179388
"1209",4.2960191,1.55219157502924
"1210",6.70688453828,2.11682457164218
"1211",8.2158786198,2.06256481512173
"1212",3.586911933,1.01409339556895
"1213",6.1827155598,1.856188798791
"1214",3.4706960222,0.969867448258695
"1215",7.559665651,2.16887788058148
"1216",5.654269047,1.62126419459893
"1217",6.275880329,1.91356403298757
"1218",3.922145569,1.24627165702305
"1219",6.5838188841,2.07491982630529
"1220",6.8310624733,2.14413283409294
"1221",7.7632555551,2.16887136321657
"1222",7.6765642268,2.17065170291789
"1223",0.11093436,0.0456051659218469
"1224",2.3081328999,1.23297849965878
"1225",6.9771443726,2.15990336080591
"1226",9.0394879016,2.35046319713001
"1227",0.88952073,-0.630364262361241
"1228",6.6270021651,2.09133832698687
"1229",6.41757260542,1.99584606237347
"1230",9.3388468748,2.34647344687255
"1231",9.0570346661,2.36582936040941
"1232",0.2825997374,-0.281153953903204
"1233",3.26966211,0.949826037530625
"1234",8.663508722,2.01062680677569
"1235",2.0949795097,1.12439044318565
"1236",4.89857292966,1.72337211711377
"1237",4.6562649216,1.71722329547046
"1238",5.320635552,1.63299947966823
"1239",9.4356501707,2.20867946872022
"1240",5.3625835804,1.62550498186683
"1241",5.4024756886,1.61963866851561
"1242",6.3881783653,1.97963297525505
"1243",5.5912937084,1.61375308469386
"1244",0.6112795,-0.651418498282507
"1245",2.92383593274,1.05873351675617
"1246",4.8362484388,1.72878568341394
"1247",2.9886225657,1.02877507967034
"1248",5.3375536995,1.62982797717007
"1249",4.4438073644,1.64233611905858
"1250",7.9267228557,2.15135441117127
"1251",0.559837715,-0.620525100915275
"1252",3.650290111,1.04751782738284
"1253",8.9141795155,2.22057854913874
"1254",5.192399586,1.66171978501361
"1255",3.6864099,1.0692137409281
"1256",4.1756269102,1.46095916190719
"1257",0.226960622,-0.182891912007936
"1258",5.9048856003,1.70056673860561
"1259",4.9303546291,1.71911141489143
"1260",1.029071107,-0.50752970601445
"1261",4.0479038725,1.35384921900097
"1262",0.52468776,-0.59326651656696
"1263",0.365673368,-0.411014402251056
"1264",2.3109614686,1.23361681788222
"1265",9.7980273026,2.38550044340082
"1266",0.462939788,-0.533636856046819
"1267",1.319506443,-0.0759283939982561
"1268",9.2844044556,2.39817548380233
"1269",0.87940061,-0.636551229044405
"1270",9.4258554046,2.22425719082821
"1271",6.74114161,2.12581439557925
"1272",0.038287381,0.2007910390166
"1273",8.49251258186,1.9801819050117
"1274",5.15590843,1.67071668842556
"1275",4.2234981525,1.49875473217648
"1276",8.5961175686,1.98743531151558
"1277",5.89908806,1.6979146940128
"1278",0.63867842,-0.663443882177228
"1279",1.351874226,-0.018279598663428
"1280",4.1111476812,1.40771445623307
"1281",8.3028127579,2.02871330020935
"1282",3.8713270286,1.20421518187032
"1283",6.2279525934,1.88413931073522
"1284",6.0527244489,1.77797853033894
"1285",5.4022703599,1.61966537450117
"1286",5.843694913,1.67434519477914
"1287",7.7280472894,2.1700590579494
"1288",6.9821955659,2.16019974532423
"1289",8.4109317953,1.99393258060445
"1290",9.7751217242,2.29817008785903
"1291",2.319270458,1.23537696888364
"1292",8.57306067,1.98300413966354
"1293",6.8470452073,2.14663702700733
"1294",3.0019149486,1.02298256965107
"1295",1.612214315,0.460905491883546
"1296",7.6723437104,2.17065053035958
"1297",9.8711163341,2.65678487112746
"1298",8.5809743148,1.98433113762439
"1299",6.7606980749,2.13043627969009
"1300",8.1171457259,2.09988144653471
"1301",4.8571476317,1.72743731899363
"1302",4.60572879295,1.70563068187046
"1303",3.119103338,0.979349938438401
"1304",0.205816389,-0.143447721211348
"1305",4.1271494468,1.42112869038303
"1306",9.7999988449,2.3932735377457
"1307",1.354027751,-0.0144051053261833
"1308",7.306759369,2.1642617194334
"1309",5.2530405716,1.64731986463204
"1310",9.6159941633,2.00414473656565
"1311",7.2023034188,2.16426736331425
"1312",9.1061638621,2.40176621614955
"1313",3.0385016323,1.00782272359554
"1314",6.2866796413,1.92012857342391
"1315",2.0823744265,1.11411027599161
"1316",8.5049870284,1.9794301324655
"1317",0.516226533,-0.585971653760266
"1318",7.6327592344,2.17035261525689
"1319",7.152899331,2.16427228529187
"1320",7.6775719318,2.17065099782485
"1321",6.307284566,1.9325573573033
"1322",8.165235396,2.08223320294201
"1323",4.163177867,1.45086244529062
"1324",9.3772162706,2.29731532942969
"1325",2.907832725,1.06647652084117
"1326",1.14016148,-0.365525124727216
"1327",6.0193589655,1.75908820646221
"1328",0.2536745858,-0.231111730459731
"1329",0.845331076,-0.654500110579024
"1330",3.33610649,0.948490514423683
"1331",0.70408669,-0.679586865244677
"1332",7.0507984771,2.16301276804103
"1333",0.7419950398,-0.680833732763563
"1334",3.2501377933,0.951654219106894
"1335",3.589419208,1.01529694386607
"1336",3.88332616,1.21401567071201
"1337",7.8544337116,2.16187094630186
"1338",6.0434823972,1.77267952862843
"1339",7.6258975313,2.17025583645864
"1340",2.35860442,1.24142602521759
"1341",2.8598467679,1.0901748290415
"1342",3.17556669,0.964289164714703
"1343",9.2190670827,2.42823886283441
"1344",4.5043682237,1.67063121110644
"1345",1.259479,-0.179284474118231
"1346",1.4398609218,0.14284114145674
"1347",3.11070655006,0.981956558683951
"1348",9.7528892313,2.22123907436617
"1349",2.3176327371,1.23504356126611
"1350",0.3820283,-0.433960834407707
"1351",5.632569862,1.61810150907276
"1352",8.1846295855,2.07479218228764
"1353",0.399563447,-0.457546017281987
"1354",0.301193404,-0.312061968673504
"1355",8.8195783784,2.12287217137055
"1356",0.962230737,-0.574811132642707
"1357",8.8629000913,2.16594991349848
"1358",8.7995914625,2.10440163647581
"1359",8.3587610209,2.00903098063645
"1360",5.5724372901,1.6124835807618
"1361",4.67326634,1.72025954438357
"1362",7.6411396893,2.17045457215454
"1363",8.7621328467,2.07270014715323
"1364",7.0195243135,2.16199011758283
"1365",6.8679866543,2.14960048751908
"1366",6.36870401678,1.96860122610526
"1367",8.31182508,2.02536896425954
"1368",3.6510155024,1.04793537953653
"1369",5.7055697869,1.63116451660022
"1370",6.3015224202,1.92909560929859
"1371",6.1495260032,1.83577013906292
"1372",0.368189697,-0.414603598224169
"1373",0.172858156,-0.0798789353092275
"1374",0.6801186,-0.675730661014233
"1375",2.9527199151,1.04506384734289
"1376",1.267040381,-0.166560984808692
"1377",8.4471472515,1.98609414081875
"1378",5.82892629,1.66863041438604
"1379",5.40331788593,1.61952952365452
"1380",5.644098795,1.61970616110678
"1381",1.1147763,-0.400980248149555
"1382",5.032651964,1.70004012708366
"1383",1.689364,0.596655423094993
"1384",3.3043641829,0.948171705271767
"1385",2.891746468,1.07435477086783
"1386",8.718617123,2.04127690603491
"1387",9.8307592235,2.51559955347329
"1388",4.4973988016,1.66765116607848
"1389",4.287372312,1.54609714028937
"1390",2.9871173482,1.02943972562837
"1391",2.595493316,1.20922541256656
"1392",7.9335058596,2.15011479435088
"1393",0.18193165,-0.0976215578869305
"1394",0.345779112,-0.381899863360285
"1395",0.28594020986,-0.286781139908513
"1396",5.6842501601,1.6266364418307
"1397",8.8919350062,2.19656306080287
"1398",5.5485696136,1.61150756765437
"1399",1.97323454,1.00717382869404
"1400",7.92430558009,2.15178538761393
"1401",9.47512933518,2.14555210620165
"1402",0.712402206,-0.68036864324831
"1403",3.7103899521,1.0845945640095
"1404",6.6976512712,2.1142039611025
"1405",0.099983566,0.0685113963934824
"1406",7.4989388138,2.16730879518309
"1407",9.8584624193,2.61751220468432
"1408",2.7390965772,1.14965040226732
"1409",1.3951965235,0.0604289898529652
"1410",9.7640424338,2.25867312960327
"1411",3.063016319,0.998389047984772
"1412",5.6942411349,1.62868529231547
"1413",5.382075272,1.62247237544676
"1414",9.6145927417,2.00418778439052
"1415",4.5217612222,1.67774946477575
"1416",3.7867098022,1.1381620377248
"1417",0.644230844,-0.665502959761414
"1418",6.7102567339,2.11776063673645
"1419",0.654471057,-0.668965688268316
"1420",2.01968907,1.05657556412611
"1421",9.1858324501,2.43007082556142
"1422",9.56885280087,2.02493444422726
"1423",2.39341633,1.24374250312194
"1424",4.0693932888,1.37226667147344
"1425",7.9614728805,2.14452829851689
"1426",8.806285962,2.11047621164471
"1427",9.5615916862,2.03123942867387
"1428",6.2719422,1.91116270012312
"1429",2.179408029,1.182025887549
"1430",5.2559777628,1.64665208651331
"1431",2.398145943,1.24384526330066
"1432",9.4064981117,2.25439020944759
"1433",0.231360632,-0.190960935409103
"1434",6.347123296,1.95613542085819
"1435",9.7127534286,2.10963532980531
"1436",1.0732453688,-0.455269503428729
"1437",2.247625698,1.21445325213443
"1438",1.462227418,0.184386758565944
"1439",3.5273172636,0.988529492140935
"1440",3.33441155962,0.948428591837555
"1441",0.86290895,-0.645798120083497
"1442",9.7114906017,2.10676279035397
"1443",7.7094365796,2.17041392363353
"1444",0.301099128,-0.311907826728893
"1445",9.4640752091,2.16309530253056
"1446",4.71443838207,1.72585348416946
"1447",5.8993875584,1.69805087306705
"1448",9.8722024005,2.65984466229565
"1449",3.4438837179,0.963008979320693
"1450",6.61874795,2.08834202345638
"1451",0.475011996,-0.546447551364554
"1452",8.8099701562,2.11386825694353
"1453",9.3198000546,2.36716696119402
"1454",9.549137454,2.04362827190198
"1455",7.5537035707,2.16872828917576
"1456",8.2855475321,2.03525345616436
"1457",4.8365692188,1.72876874695147
"1458",7.254218636,2.16419206030935
"1459",8.8577184756,2.16061128739966
"1460",0.62430157,-0.657520063769681
"1461",9.0294478391,2.34118814588874
"1462",0.28252076,-0.281020523673681
"1463",3.2196285529,0.955765496490003
"1464",1.28149377,-0.141988322545446
"1465",1.1014191387,-0.418959029690085
"1466",5.1334223989,1.6762790283507
"1467",8.3229316095,2.02132630252527
"1468",4.4570896681,1.64900124171901
"1469",7.5591149181,2.16886416300304
"1470",8.997295247,2.30956557419267
"1471",3.0804722732,0.992065685995622
"1472",5.568540231,1.61227641253724
"1473",9.9919467885,2.21251476136968
"1474",2.0209424523,1.05782958958307
"1475",0.053999614,0.166638214776778
"1476",3.0408637248,1.00688701448277
"1477",4.9675341485,1.71302576643574
"1478",0.283771625,-0.283131718727198
"1479",8.7260266975,2.04619043582352
"1480",9.3407864565,2.34421890380327
"1481",9.3087594117,2.37790878408123
"1482",0.4652877431,-0.536171584766151
"1483",8.354293555,2.01049199838235
"1484",8.3588953572,2.00898740320554
"1485",5.5896683293,1.61362611853174
"1486",8.8115051831,2.11529160565988
"1487",7.849173313,2.16245251324017
"1488",9.044057345,2.35457290100749
"1489",7.11434805,2.16407789496725
"1490",5.75503982836,1.6439181443913
"1491",4.890725871,1.72427705721039
"1492",2.04282114,1.07904240405686
"1493",1.902229567,0.921016913147983
"1494",8.3838461851,2.00128511944786
"1495",8.8805390545,2.18442276507267
"1496",5.677782637,1.62537903742226
"1497",3.6270047,1.0345253549527
"1498",2.31114051,1.23365655119382
"1499",3.84228762,1.18089682369825
"1500",5.724399948,1.63565096456692
"1501",5.9991913,1.74801837108975
"1502",7.9445460927,2.14800120246036
"1503",5.0458692992,1.69711778424569
"1504",5.4015195555,1.61976334847629
"1505",0.240896218,-0.2082781509567
"1506",7.7722916938,2.16844539807789
"1507",3.34934893,0.949150116025375
"1508",4.684780922,1.72207281979622
"1509",7.2983120172,2.16423334633782
"1510",7.447189858,2.16606820269544
"1511",8.9080380043,2.21391698828666
"1512",3.006323669,1.02109300037568
"1513",1.01898519,-0.51861924245516
"1514",1.90689533,0.927058529708359
"1515",2.5766668026,1.21534754778303
"1516",2.7262453804,1.15568245817475
"1517",0.07279515,0.126177008728362
"1518",9.1790635837,2.42938743461855
"1519",8.405081662,1.99542174842645
"1520",3.77059336286,1.12631312896732
"1521",5.0203999225,1.70267328853904
"1522",3.321686747,0.948126021033104
"1523",7.8553522611,2.16176696150615
"1524",7.8162493999,2.16557124125757
"1525",2.8665223065,1.08684862600926
"1526",3.876158171,1.2081503034859
"1527",5.846586986,1.67549324996508
"1528",9.9415022344,2.6656804732047
"1529",8.3573588589,2.0094870765206
"1530",7.2685534274,2.16418867839275
"1531",4.0742994984,1.37645841347481
"1532",9.5852635265,2.01348081091419
"1533",8.0196490092,2.13044548972539
"1534",7.0485195051,2.16295113604815
"1535",7.43434723,2.16579771493025
"1536",0.4116168408,-0.473134850813403
"1537",0.558531857,-0.619600958535256
"1538",8.9679041411,2.27879556949483
"1539",6.21500158,1.87613972889512
"1540",7.1561091253,2.16427846648503
"1541",0.064597253,0.143768813211977
"1542",1.5081037115,0.269741721536149
"1543",3.903376522,1.23057988141843
"1544",7.1416187612,2.16423998778032
"1545",2.9032559972,1.06870920233588
"1546",8.373315508,2.00443713680579
"1547",8.09496423229,2.10752094263989
"1548",1.8186769424,0.804395773296948
"1549",6.154237738,1.83865830805273
"1550",0.9817207,-0.556731890077284
"1551",2.7517956495,1.14360109408147
"1552",7.8014577599,2.16669433676361
"1553",4.3754219822,1.60411647330774
"1554",2.2197228134,1.20269572648636
"1555",5.73065859,1.63724273958361
"1556",7.8048659744,2.16645013738071
"1557",1.555224312,0.356994035399255
"1558",8.4712976706,1.98235398215184
"1559",2.48301811,1.23765884153816
"1560",8.0209908261,2.13008193585301
"1561",1.069903748,-0.459426411855292
"1562",5.790442836,1.65493426953643
"1563",0.62389618,-0.65734065516806
"1564",0.9071828681,-0.618644886213793
"1565",2.999514963,1.02401796057403
"1566",6.4083015266,1.99079260104354
"1567",4.926090657,1.71973623807726
"1568",5.5531417997,1.6116406300482
"1569",0.58423394,-0.636521168163383
"1570",3.429119607,0.959783014749595
"1571",6.8005466694,2.13874156176243
"1572",4.3438574927,1.58438675032772
"1573",2.521214208,1.23032422759569
"1574",1.464282702,0.188209381876036
"1575",6.2213099352,1.88003749127291
"1576",5.7967740506,1.65706623989919
"1577",5.566776082,1.61218880221939
"1578",0.243488457,-0.212945075305637
"1579",3.5418924503,0.994232533893572
"1580",3.77888964,1.13237942536859
"1581",0.258919151,-0.240356792413169
"1582",6.764273399,2.131241846509
"1583",0.550569642,-0.613817644649762
"1584",0.432647177,-0.499091635936414
"1585",0.055322106,0.163776722444491
"1586",2.067808168,1.10169034804702
"1587",9.1340851667,2.41644900373649
"1588",3.4109619283,0.956354196955995
"1589",3.591745656,1.016422695537
"1590",8.6625958397,2.01020784287539
"1591",9.7359046619,2.16934598656371
"1592",9.8025839542,2.40350555162877
"1593",0.7271237228,-0.681051539058421
"1594",4.6170590724,1.70856687623257
"1595",9.308173083,2.37845263862982
"1596",1.301905848,-0.106758226935325
"1597",8.5906312311,1.98622409215022
"1598",5.200187352,1.65981993603664
"1599",2.2437865589,1.21295780016461
"1600",4.2713241069,1.5345770796937
"1601",7.62412854935,2.17022906224111
"1602",5.938283042,1.71647817295531
"1603",7.1950937062,2.16427751597257
"1604",2.8409133641,1.09963175466704
"1605",4.4167497218,1.62798233376539
"1606",7.51388351,2.1676957210725
"1607",9.3409234168,2.34405871026684
"1608",0.71413338,-0.680495416019682
"1609",3.89918048,1.2270953026852
"1610",1.27625434,-0.150933296783899
"1611",9.78706541,2.34291584277526
"1612",1.61171129,0.459999417367693
"1613",1.1589897866,-0.338189881111093
"1614",7.86069729132,2.16114738800297
"1615",9.05293547548,2.3623427968123
"1616",5.99870102247,1.74775282734776
"1617",3.0013665743,1.02321873044957
"1618",2.26046127,1.21917234000734
"1619",6.384240482,1.97741998117537
"1620",2.790248543,1.12486289525223
"1621",4.7143047396,1.72583928566331
"1622",9.2283561266,2.42613492562668
"1623",4.4703962909,1.65542224417823
"1624",1.761266991,0.715796591492556
"1625",4.6490758168,1.71580959433626
"1626",8.6713677062,2.01435393330758
"1627",8.2063531083,2.06631383347485
"1628",9.4592667347,2.17078798823059
"1629",5.1254038861,1.67825489996396
"1630",1.0522635,-0.480826309115749
"1631",9.1291570197,2.41420167544857
"1632",9.8970591579,2.71167994104326
"1633",5.4518087557,1.61437076002176
"1634",4.12231551,1.41708839531768
"1635",5.6918772286,1.62818886502033
"1636",9.3518036091,2.33092225436121
"1637",4.7867457475,1.7299169973878
"1638",4.447591023,1.64426062092028
"1639",3.3550654002,0.949531468446698
"1640",0.619698725,-0.655443200774685
"1641",5.823509877,1.66659725916121
"1642",1.72415588283,0.655333095307308
"1643",8.3962624217,1.99777248514147
"1644",2.8132312558,1.11345796872024
"1645",7.9213681304,2.15230150389289
"1646",7.2911583259,2.16421514778631
"1647",8.4037628374,1.995765312
"1648",4.9480800703,1.71634829599273
"1649",9.5842943643,2.01404215430375
"1650",0.768314378,-0.678223003984767
"1651",6.3946982519,1.98327641612889
"1652",8.47690366907,1.981674514318
"1653",5.6187563017,1.61640409563105
"1654",5.8387052314,1.67238663548112
"1655",9.3976318184,2.26778280793224
"1656",3.0440252157,1.00564332805968
"1657",4.7445739316,1.72841326468432
"1658",8.2945703039,2.03181572613175
"1659",1.5667472477,0.378182317908298
"1660",9.318320616,2.36866100353654
"1661",1.859565651,0.863411945707083
"1662",2.928234525,1.05662461080674
"1663",2.563901597,1.21921383821469
"1664",1.105387385,-0.413667851350468
"1665",0.758171,-0.679564898660303
"1666",0.3852644679,-0.438393481925364
"1667",9.2193152173,2.42819187126588
"1668",7.3441133042,2.16448784926092
"1669",2.76294294,1.13822739548044
"1670",3.51530309533,0.984102201923382
"1671",8.6842391151,2.0209233094065
"1672",7.7054926194,2.17046740996557
"1673",9.9143909569,2.72016939986497
"1674",9.7768068476,2.3043578073848
"1675",3.43368733,0.960739148915342
"1676",8.9329923922,2.24105038851849
"1677",6.4434919506,2.00965824192873
"1678",2.9405735014,1.05075880852783
"1679",2.8254657937,1.10735321594145
"1680",0.551484022,-0.614494752804139
"1681",9.98245501425,2.34407797409222
"1682",9.6060971985,2.00526706059463
"1683",1.40312851,0.0749894987749961
"1684",9.56602332415,2.02730632002931
"1685",8.806996094,2.11112736038922
"1686",2.3267054418,1.23680757925455
"1687",8.0774123896,2.11329982533971
"1688",9.273090125,2.40593682177132
"1689",8.2411622419,2.05258013837738
"1690",8.5279717948,1.9791346781567
"1691",8.4724318585,1.98221056464536
"1692",7.87992113,2.15871074979532
"1693",7.3005358246,2.16424007406727
"1694",2.868083145,1.08607183305767
"1695",7.28469291,2.164203003485
"1696",5.4703780473,1.6130174203616
"1697",1.85957584,0.863426198757023
"1698",3.5312635754,0.99003785553748
"1699",6.7437833198,2.12646016289065
"1700",8.2069864,2.06606503434159
"1701",3.5393721959,0.993220555785799
"1702",4.1515343752,1.44133206730396
"1703",9.9774563056,2.40346294641495
"1704",8.683319292,2.02043471425714
"1705",7.68035771,2.17064703289043
"1706",5.0653362064,1.69267797876873
"1707",7.996912552,2.13634284161708
"1708",1.26471027,-0.170491751754482
"1709",0.132211919,0.00167687437732109
"1710",8.5773249901,1.98369430715684
"1711",0.92177655,-0.608089556155444
"1712",6.27211139,1.91126594310393
"1713",1.6436858242,0.517102047767381
"1714",2.5629921839,1.21948015459487
"1715",2.7857638057,1.1270743373312
"1716",2.178771358,1.18166418467051
"1717",2.8501313854,1.09502456282021
"1718",1.7007908318,0.616124827322869
"1719",7.400958582,2.16518650279636
"1720",4.9010322126,1.72307611576835
"1721",4.0620927233,1.3660193073279
"1722",8.8515494228,2.1543142957089
"1723",3.82631018292,1.16833727534933
"1724",7.6267217588,2.17026806160038
"1725",8.8289081654,2.13182309291733
"1726",3.314757156,0.94808124381284
"1727",0.174748271,-0.0835895819548306
"1728",7.8102536988,2.16604641910089
"1729",4.707908607,1.72512994033246
"1730",0.503344901,-0.574326038536896
"1731",8.0604199436,2.11865215110265
"1732",7.4988201586,2.1673057527014
"1733",8.5874713468,1.98557129745313
"1734",9.1580921504,2.42511617543641
"1735",4.1845300979,1.46811695656466
"1736",8.4811172401,1.98121294198063
"1737",3.3228444913,0.948141732369925
"1738",1.45493195,0.170823369292673
"1739",4.2770355474,1.53870752852855
"1740",2.897619258,1.07146887206967
"1741",3.3320558699,0.948350985807723
"1742",3.892441454,1.22151848337647
"1743",3.355606466,0.949570589871222
"1744",1.0902903,-0.433567878970578
"1745",0.87896955,-0.636806142420171
"1746",9.044857209,2.35528474426246
"1747",4.2207226459,1.49661258540029
"1748",0.30896787,-0.324681464260246
"1749",5.9255259274,1.71027579398024
"1750",4.40376072656,1.62072972048264
"1751",2.8869324224,1.07672778862058
"1752",4.2723451578,1.53531793149557
"1753",1.3278437,-0.0611907812927379
"1754",4.6888885949,1.72267257015654
"1755",0.514836322,-0.584746124283621
"1756",4.835348101,1.72883258194616
"1757",3.4907318605,0.97582822389619
"1758",8.779437604,2.0868441338971
"1759",9.5752245537,2.02000803279225
"1760",3.2735805329,0.949536210458217
"1761",2.8825139324,1.07891114444781
"1762",9.745852116,2.19895375613123
"1763",2.621728864,1.19991783690481
"1764",8.063650657,2.11765356533397
"1765",9.9729363666,2.45170608954504
"1766",8.5812311922,1.98437757782085
"1767",0.251586968,-0.227411051173593
"1768",0.38935452,-0.443944197055438
"1769",5.5666848202,1.61218437447153
"1770",2.1966027,1.19137840707702
"1771",7.46814439,2.16654544586254
"1772",5.4845194215,1.61223286029321
"1773",3.1610183068,0.967742505124692
"1774",1.981908408,1.01682630848165
"1775",8.8173202099,2.12073600452277
"1776",1.6136387,0.463469915918463
"1777",7.8971630823,2.1562402036634
"1778",9.2175824777,2.42850954597816
"1779",5.2126063918,1.65681445321792
"1780",0.203643825,-0.1393337546188
"1781",1.215352502,-0.251547482507383
"1782",2.203054314,1.19468116137089
"1783",6.2678495887,1.908663289326
"1784",7.1650341246,2.16428954318042
"1785",3.7418741476,1.10588683837131
"1786",4.3000086722,1.55497618392955
"1787",1.8782216636,0.889117422637018
"1788",1.7068098206,0.626304168198619
"1789",5.6012185476,1.61460066751212
"1790",9.520056911,2.0790281369118
"1791",7.188280259,2.16428522923184
"1792",6.1107857921,1.81222939825061
"1793",4.6844997047,1.72203085670547
"1794",0.25951432,-0.241401231302887
"1795",8.0199469788,2.13036490548438
"1796",3.2953413203,0.948402670404455
"1797",0.060189084,0.15326444726019
"1798",9.4285026961,2.22006326226983
"1799",7.69887712784,2.17054107887816
"1800",9.7615937,2.25024324539118
"1801",2.840017548,1.10007962216753
"1802",7.4825496366,2.1668950716371
"1803",6.1276734084,1.82244016857194
"1804",5.1280143,1.67761236642834
"1805",8.7443723855,2.0591372531926
"1806",0.132819041,0.00043522971359609
"1807",5.5549566005,1.61170048392124
"1808",9.2409657966,2.42213645577431
"1809",5.35429883,1.62688453644279
"1810",2.2784925042,1.22507785224186
"1811",0.042672392,0.191231475958706
"1812",6.74742006463,2.12733816634776
"1813",1.117601057,-0.397117236327688
"1814",1.14785871,-0.354453929360291
"1815",7.7311737136,2.16998199303544
"1816",7.2597095719,2.1641892194682
"1817",0.78397578,-0.675328392289357
"1818",0.0510848499,0.172952343603623
"1819",4.5525999856,1.68924223114062
"1820",9.8902563494,2.70144776720554
"1821",6.1944824527,1.86345659713268
"1822",2.37372878,1.24277409400314
"1823",3.6166464025,1.02900733216722
"1824",7.4262232286,2.16563628525319
"1825",1.9731733552,1.00710505070433
"1826",0.26214233,-0.24600144712648
"1827",0.71983972,-0.680825554708338
"1828",5.8183258236,1.66468327199843
"1829",6.0420706472,1.77187438475837
"1830",9.826049041,2.49705149210058
"1831",0.28237121,-0.280767813796971
"1832",8.6213881894,1.99431039694173
"1833",1.77422811,0.736347246511405
"1834",6.5962274675,2.07982482327859
"1835",4.5558167109,1.6903574424042
"1836",3.1579379225,0.968512823138387
"1837",1.672137042,0.566962989773408
"1838",4.29882332,1.55415066229472
"1839",4.352990025,1.59022386708604
"1840",9.988133083,2.26846010889858
"1841",8.051562039,2.1213430208536
"1842",3.36911371,0.950717218842823
"1843",5.0721997045,1.69107881892161
"1844",2.904895953,1.0679083202709
"1845",5.5458832532,1.61144118751356
"1846",2.65910958871,1.18526726825678
"1847",9.450770453549,2.18442588148173
"1848",1.267656311,-0.165520489061066
"1849",4.5568888937,1.69072564131048
"1850",6.5430252673,2.05775554753433
"1851",6.12352547,1.81992405029058
"1852",5.6894426723,1.62768515420534
"1853",0.23632943,-0.200013807126493
"1854",8.8338689319,2.13666133256629
"1855",5.1226163748,1.67894015974572
"1856",6.707300078,2.11694052570203
"1857",2.236258322,1.20991248102528
"1858",1.02729415,-0.509506831665061
"1859",1.1047362,-0.414539054660269
"1860",3.7589657772,1.1179334741062
"1861",8.41916731325,1.99193567767361
"1862",5.386203227,1.62187010607642
"1863",4.9140687612,1.72141081870311
"1864",9.8783133807,2.67598638916388
"1865",8.2775258133,2.03834102851397
"1866",1.466711654,0.192727703123647
"1867",1.8180937948,0.803528489338009
"1868",4.072447028,1.37487638317638
"1869",0.081483481,0.107632513001982
"1870",7.8629770781,2.16087555245849
"1871",5.6471639522,1.6201616507863
"1872",2.6526411413,1.1879090510597
"1873",8.2721297582,2.04043209884185
"1874",3.247155582,0.951989238755199
"1875",9.9452993134,2.64965575234964
"1876",2.39496344,1.24378159302265
"1877",8.1251194491,2.09705075474812
"1878",0.36619544,-0.411760807709281
"1879",8.5552702937,1.98074175178044
"1880",0.011619981,0.259347675600907
"1881",2.6903046108,1.17197328595833
"1882",4.61208982625,1.70730322972639
"1883",6.3790138624,1.97446864159034
"1884",0.97352838,-0.56448976505844
"1885",3.172765548,0.964930120566937
"1886",5.75807736,1.64480231165737
"1887",6.63508058292,2.09420526858831
"1888",7.913513132,2.15364084838438
"1889",1.182938101,-0.302220275598609
"1890",2.311690594,1.23377812830059
"1891",3.50582031,0.980784117342932
"1892",4.583359491,1.69925755450375
"1893",0.72190977,-0.680912058595658
"1894",2.4336907197,1.24305967041013
"1895",5.1825450221,1.66413712443108
"1896",5.0125443888,1.70431980088077
"1897",6.7452978808,2.12682736343018
"1898",1.99540129,1.03145293169022
"1899",5.2295278338,1.65277931811452
"1900",2.4697863915,1.2395759113477
"1901",2.6151105016,1.20234672290903
"1902",8.0122181796,2.13242769603312
"1903",4.0567635418,1.36145227720723
"1904",2.66299674,1.18365974777698
"1905",0.50201542,-0.573087235255624
"1906",8.118524516,2.09939501886583
"1907",4.1193331102,1.41459034334737
"1908",5.8945145527,1.6958464154215
"1909",0.379020404,-0.429808721272621
"1910",2.8736703447,1.0832945673539
"1911",4.9383024312,1.71790496647853
"1912",2.91815681,1.06146918922654
"1913",9.60031080758,2.00678054150194
"1914",6.2948783999,1.92509023572842
"1915",7.5934791308,2.16966370085674
"1916",2.255824664,1.2175173799431
"1917",9.3069928255,2.37953917460982
"1918",8.7801841692,2.08747418854909
"1919",9.1195428138,2.40938355308026
"1920",3.903612166177,1.23077583956579
"1921",3.707159101,1.0824788435767
"1922",2.922251061,1.05949554001377
"1923",6.41883824951,1.99653145500706
"1924",3.8999733305,1.22775301911747
"1925",0.338,-0.370164648132623
"1926",5.8398018614,1.6728146703363
"1927",8.1427959003,2.0906318812813
"1928",5.7228089822,1.63525431073042
"1929",2.3603197466,1.24160573136945
"1930",1.136313497,-0.37100491047197
"1931",8.2652185903,2.04312435771863
"1932",9.3997301883,2.2646408053115
"1933",0.30661622,-0.320883479501332
"1934",0.41125382,-0.472672860880062
"1935",8.7430975493,2.05820215045242
"1936",3.5222026705,0.986614334095083
"1937",3.0748526076,0.994064013670796
"1938",8.7118188617,2.0369312982366
"1939",9.2305116029,2.42554502619896
"1940",4.902528095,1.72289321521955
"1941",4.922849605,1.72020047276061
"1942",1.850234973,0.850262962433696
"1943",2.6171284564,1.20161175733071
"1944",3.482472246,0.973284852920032
"1945",6.90853481413,2.15437516480193
"1946",1.403723098,0.0760825022030167
"1947",4.7677604318,1.72953238159554
"1948",8.3261981,2.02015565334295
"1949",2.6558638,1.1865981388363
"1950",7.7523473347,2.16931711495454
"1951",1.854949241,0.856930464150273
"1952",3.9023352786,1.22971433827956
"1953",9.92025062,2.71625704085454
"1954",1.4679592498,0.195048740784633
"1955",1.711457665,0.634127686933038
"1956",1.326642746,-0.0633187238748895
"1957",7.1197082917,2.16412059149366
"1958",9.1185174998,2.40883668820607
"1959",4.1628184355,1.45056946850562
"1960",7.8483547503,2.16254088825463
"1961",1.543734867,0.335798171518495
"1962",0.122919178,0.0207647462606511
"1963",0.82235444802,-0.664053340655315
"1964",5.1909300312,1.6620794029864
"1965",0.682925025,-0.676305302952337
"1966",8.1059233,2.10379133780771
"1967",0.7985544,-0.671741541349887
"1968",1.54718979,0.342178483687083
"1969",0.6729615,-0.674117284536051
"1970",4.3704982451,1.6011221879503
"1971",7.5368945929,2.16829660350777
"1972",0.121625945,0.0234332807222495
"1973",4.0642085671,1.36783105692365
"1974",4.1165281063,1.41223730263314
"1975",9.7720352932,2.28695490583777
"1976",2.2140681813,1.20006042442641
"1977",7.3671110696,2.16471718935645
"1978",8.23753194883,2.05401370466643
"1979",9.503439357,2.10239202366211
"1980",0.98523869,-0.553330641217065
"1981",6.9241895037,2.15590169667882
"1982",2.84226387,1.09895658696514
"1983",8.010750343,2.13281298560469
"1984",8.3179471478,2.02312909482498
"1985",6.7983855842,2.13832850648899
"1986",4.160394321,1.44859146943294
"1987",3.4382174909,0.961724527050866
"1988",2.968746765,1.03768484736361
"1989",8.2213360536,2.06041177466614
"1990",5.0087985605,1.70509276294114
"1991",4.9678630125,1.71296713772755
"1992",3.64361931,1.0437138711682
"1993",8.49381481,1.9800847234801
"1994",3.1353257619,0.97457427360231
"1995",2.1210839482,1.14429650124056
"1996",5.8579345862,1.6800879745564
"1997",8.42366850702,1.99089526778698
"1998",1.2538390792,-0.188713263859148
"1999",3.77530383,1.1297486956689
"2000",6.716037122,2.11933906983518
